position_group,metric,estimate,ci_low,ci_high
DB,3Cone,0.0630701834688715,0.0030701362111074,0.119106368481085
DB,40yd,0.0379755314967419,-0.0195575781121421,0.091910647243888
DB,Bench,0.0084339387663891,-0.0472412662689431,0.061099071859266
DB,Broad Jump,-0.0008553450755566,-0.0594221281397251,0.0635226551667809
DB,Ht,-0.032594852212797,-0.0902551889154677,0.0285302695187746
DB,Shuttle,0.0656232581743534,0.0120150278042166,0.1153041600614872
DB,Vertical,0.031542634942411,-0.0262968170602913,0.0975571840487157
DB,Wt,0.0863401278398134,0.0262315763506286,0.1544951907882699
EDGE,3Cone,0.0816785254831501,-0.0092407541248872,0.15887429366993
EDGE,40yd,0.1208166924434542,0.0101411333640845,0.2082972913055235
EDGE,Bench,-0.0471089510799388,-0.1193823062446035,0.0203330740112841
EDGE,Broad Jump,0.0215653743093064,-0.0444692626578099,0.098346903931288
EDGE,Ht,-0.0087253082287374,-0.0924594087450291,0.0677565819153932
EDGE,Shuttle,0.031918163437383,-0.0301546013770804,0.104456343873716
EDGE,Vertical,-0.0030928228074454,-0.0815858584132351,0.0638925283784036
EDGE,Wt,0.2174268721148835,0.1159874225255384,0.3081169907374567
IDL,3Cone,0.0416451752500519,-0.0436641985665849,0.130137854567955
IDL,40yd,0.0240330088932402,-0.0681964984105694,0.1194303667597635
IDL,Bench,0.0958282957024622,0.018253944968571,0.1737201343663921
IDL,Broad Jump,-0.0856607763932044,-0.1961671129252497,0.0419417373521939
IDL,Ht,0.0321181523402032,-0.051526108933127,0.1040173376711312
IDL,Shuttle,0.0163014780217755,-0.1004397869507472,0.1200439734464885
IDL,Vertical,0.0582228078168256,-0.0694789697408352,0.1709635650510821
IDL,Wt,0.0199206392368296,-0.0649221019384558,0.13010884570018
LB,3Cone,0.0117300147747131,-0.0748344307802116,0.1021120966326016
LB,40yd,0.1564426383004383,0.0468748517735489,0.2516681745855536
LB,Bench,0.0018126196020473,-0.0963490204658382,0.080036599263423
LB,Broad Jump,-0.1178130294191522,-0.2061430518802673,-0.0120142366769514
LB,Ht,-0.0163820202462201,-0.108597562955758,0.0591217095814881
LB,Shuttle,0.0445048664552876,-0.0483531921367393,0.1194343095481846
LB,Vertical,0.0234255812616286,-0.0669230571289425,0.1163778464710763
LB,Wt,0.0770431780799048,-0.0406110633678358,0.1896544211776729
OL,3Cone,0.0111056612871484,-0.0650260634303457,0.0871934159771807
OL,40yd,0.0614999641360194,-0.0085904488353718,0.1361343092625979
OL,Bench,0.0516755090116863,-0.0026586534743872,0.1183786210609648
OL,Broad Jump,-0.0530400632093963,-0.1243959146697847,0.0157511204150066
OL,Ht,0.0129372380014949,-0.04642930635474,0.0797583552561056
OL,Shuttle,0.0830044005285085,0.0177576231559387,0.1635056937326355
OL,Vertical,0.0830954028881769,0.0115569200322228,0.1445933477009497
OL,Wt,0.0146987563066952,-0.0410227258775391,0.0867207360408796
OTHER,3Cone,0.1357346830507065,-0.0796733865144552,0.3796306682644605
OTHER,40yd,0.1400445350210335,-0.1043356136353035,0.376253764848978
OTHER,Bench,-0.0313770471220925,-0.175321914165505,0.2158784840446334
OTHER,Broad Jump,-0.2233529884289614,-0.4896779709198397,0.1177174538334626
OTHER,Ht,-0.1805407946289529,-0.4478752101143529,0.0241422103426804
OTHER,Shuttle,0.075297817711273,-0.1569306070212545,0.3298159518457738
OTHER,Vertical,0.0440548612405625,-0.145333048617478,0.2633468483039803
OTHER,Wt,0.3052991307021486,0.0151533107245336,0.5983777633360453
QB,3Cone,-0.0361493711894108,-0.1951728282963774,0.1630643536789976
QB,40yd,0.0076265732862697,-0.2042907379832492,0.2010165252548596
QB,Bench,0.0618801127456558,-0.0689276109745012,0.2972403600769233
QB,Broad Jump,0.3587606487032295,0.1049867197522753,0.5722493514280019
QB,Ht,-0.0336349568924889,-0.2185662965288357,0.1796279759589206
QB,Shuttle,0.1084767779722861,-0.0641162269046572,0.285901801669475
QB,Vertical,-0.2009795801958388,-0.4410640142265563,0.033304834950534
QB,Wt,0.0932650295478851,-0.0720037465488958,0.3008067914694213
RB,3Cone,0.0452184194924079,-0.0699384215694851,0.1693684978704654
RB,40yd,0.1204437783316136,0.0134440779001351,0.2488703866694798
RB,Bench,0.0393199175160778,-0.048321050778094,0.1086677157254443
RB,Broad Jump,0.0326056174753171,-0.0677666038105702,0.1504084616433978
RB,Ht,-0.0433589966228259,-0.1411593065862461,0.0485231165085549
RB,Shuttle,-0.0576977431829307,-0.1455662465010624,0.0356256621433045
RB,Vertical,-0.0153684749511661,-0.1255679927356414,0.079137957749482
RB,Wt,0.121109996564157,-0.0034522219208965,0.2499604076594002
ST,3Cone,0.084596505758892,-0.2158850295755075,0.3095329563270707
ST,40yd,0.1392005723087623,-0.1287830420066264,0.3998738843528268
ST,Bench,0.0568185787391872,-0.119442994419978,0.6795101164582268
ST,Broad Jump,0.0409116481076523,-0.2038804222184496,0.3936382974535331
ST,Ht,-0.0105691850622298,-0.3800462853782722,0.2867084286309223
ST,Shuttle,-0.0403817871300837,-0.3077487453884903,0.1765335060852614
ST,Vertical,0.2108520056647913,-0.1402033268939877,0.3481531711127
ST,Wt,0.2513707812587031,0.0310837794015866,0.4858954801621959
TE,3Cone,0.0800777339639153,-0.0321494769056036,0.2050055068187043
TE,40yd,0.1295024743401854,0.0190391719951977,0.2511875703548519
TE,Bench,0.0278935647687659,-0.0765811035337269,0.128264477055582
TE,Broad Jump,-0.0995499810712585,-0.2200742648609809,0.0150534495797092
TE,Ht,0.0454653840004023,-0.0622686325061365,0.1456170729043449
TE,Shuttle,0.010640338245573,-0.090228759963721,0.1034038233165019
TE,Vertical,0.0625556120818131,-0.047431047145263,0.1668993815289897
TE,Wt,0.1062558025799384,-0.0219410001133484,0.2120872300255862
WR,3Cone,0.0246686072860452,-0.0525778226324501,0.1001139624216885
WR,40yd,0.048967521558345,-0.0278533612646114,0.1254806169307413
WR,Bench,-0.0140585410133556,-0.0724714397878158,0.041127066267372
WR,Broad Jump,-0.0768896263409301,-0.1684896781712495,0.0069475164495763
WR,Ht,-0.0215496053198512,-0.1293436142464509,0.0722735177183559
WR,Shuttle,0.080556820223828,0.0173841054977448,0.1474622507467299
WR,Vertical,0.0989551705775459,0.017979228795756,0.1897129603989178
WR,Wt,0.101224965050988,0.0051765772816215,0.2034999778458217
